chance_id,asin,titel,preis_eur,seitenzahl,format,veroeffentlicht,bewertung,rezensionen,bsr_roh,url,geprueft_am,fehlende_felder
"C1","3505152919","Spekulatius, der Weihnachtsdrache. Spekulatius auf Klassenfahrt: Ein neues Abenteuer mit dem beliebten Weihnachtsdrachen Spekulatius! | Vorlesespaß für die ganze Familie | SPIEGEL-Bestsellerautor","14","176",,"28. Juli 2026","4.9","9","Amazon Bestseller-Rang: Nr. 1.311 in Bücher (Siehe Top 100 in Bücher) Nr. 2 in Kinderliteratur Monster Nr. 6 in Kinderbücher über Geheimnisse & Wunder Nr. 7 in Fantasy-Belletristik für Kinder über Magie (Bücher) Kundenrezensionen: 4,9 4,9 von 5 Sternen (9) Produktvideos HarperCollins Germany GmbH Sp","https://www.amazon.de/dp/3505152919","2026-08-24T21:43:08.715Z",""
"C1","3505151025","Spekulatius, der Weihnachtsdrache. Spekulatius und das Lebkuchenwunder: Ein Adventsbuch in 24 Kapiteln | Adventskalender Adventsbuch zum Vorlesen mit Plätzchenrezepte vom Weihnachtsdrachen Spekulatius","14","192",,"22. August 2023","4.9","256","Amazon Bestseller-Rang: Nr. 11.048 in Bücher (Siehe Top 100 in Bücher) Nr. 35 in Weihnachten für Kinder Nr. 212 in Literatur über Familie für Kinder Nr. 307 in Visionäre & metaphysische Fantasy-Literatur für Kinder Kundenrezensionen: 4,9 4,9 von 5 Sternen (256) Produktvideos HarperCollins Germany Gm","https://www.amazon.de/dp/3505151025","2026-08-24T21:43:17.634Z",""
"C1","3505142131","Spekulatius, der Weihnachtsdrache: Ein Adventsbuch in 24 Kapiteln | Adventskalender zum Vorlesen, der Klassiker mit dem Weihnachtsdrachen Spekulatius","14","192",,"2. August 2018","4.8","1532","Amazon Bestseller-Rang: Nr. 4.609 in Bücher (Siehe Top 100 in Bücher) Nr. 21 in Kinderbücher über Schule & Bildung Nr. 39 in Geschichten über Drachen, Einhörner & Fabelwesen für Kinder Nr. 79 in Literatur über Familie für Kinder Kundenrezensionen: 4,8 4,8 von 5 Sternen (1.532) Produktvideos HarperCo","https://www.amazon.de/dp/3505142131","2026-08-24T21:43:26.661Z",""
"C1","B0FLVC5MJG","Zeichne dir Weihnachten - dein kreatives Adventskalender-Mitmach-Buch für Kinder: 24 einfache Schritt-für-Schritt-Motive zum Zeichnen lernen – ideale kreative Adventsbegleitung für Kinder ab 6 Jahren","39.95","166",,"29. August 2025","4.4","6","Amazon Bestseller-Rang: Nr. 2.835.611 in Bücher (Siehe Top 100 in Bücher) Nr. 2.065 in Advents- & Weihnachtskalender Nr. 7.810 in Geburtstag Geschenkbücher Nr. 8.094 in Advent & Weihnachten Geschenkbücher Kundenrezensionen: 4,4 4,4 von 5 Sternen (6) Seitenanfang über dieses Produkt Ähnlich Von der M","https://www.amazon.de/dp/B0FLVC5MJG","2026-08-24T21:43:34.752Z",""
"C1","B0HCDVTL97","Kreativer Adventskalender für Mädchen: 24 Tage voller Fantasie, Kunst und Selbstvertrauen – Das Mitmachbuch zum Zeichnen, Schreiben und Entdecken","17.84","78",,"31. Juli 2026","5","19","Amazon Bestseller-Rang: Nr. 335.426 in Bücher (Siehe Top 100 in Bücher) Nr. 837 in Interaktive Abenteuer für Kinder Nr. 1.053 in Weihnachten für Kinder Nr. 3.196 in Malbücher für Kinder Kundenrezensionen: 5,0 5,0 von 5 Sternen (19) Informationen zum Autor Folge Autoren, um Neuigkeiten zu Veröffentli","https://www.amazon.de/dp/B0HCDVTL97","2026-08-24T21:43:42.771Z",""
"C1","3473492329","tiptoi® Mein großer Adventskalender, Adventskalender für Kinder ab 3 Jahren, mit 24 Mini-Büchern","24.99","4",,"1. Juli 2022","4.6","949","Amazon Bestseller-Rang: Nr. 383 in Baby (Siehe Top 100 in Baby) Nr. 1 in Spielzeug-Adventskalender Nr. 90 in Baby- & Kleinkinderzimmer Kundenrezensionen: 4,6 4,6 von 5 Sternen (949) Produktleitfäden und Dokumente Konformitätsbescheinigung (PDF) Produktvideos Amazon Kunde KundenbewertungSchönes Produ","https://www.amazon.de/dp/3473492329","2026-08-24T21:43:51.640Z",""
"C1","3458646620","Little People, BIG DREAMS – Adventskalender: Mein liebster Minibuch-Adventskalender 2026 (Little People, BIG DREAMS (Deutsche Ausgabe))","29.95","32",,"8. September 2026",,,"Amazon Bestseller-Rang: Nr. 2.651 in Bücher (Siehe Top 100 in Bücher) Nr. 2 in Advents- & Weihnachtskalender Nr. 6 in Weihnachten für Kinder Nr. 10 in Gute Wünsche Geschenkbücher Informationen zum Autor Folge Autoren, um Neuigkeiten zu Veröffentlichungen und verbesserte Empfehlungen zu erhalten. Ins","https://www.amazon.de/dp/3458646620","2026-08-24T21:44:00.054Z","bewertung rezensionen"
"C2","3845811889","Hör mal rein, wer kann das sein? – Lieblingstiere: Streicheln und hören | Hochwertiges Pappbilderbuch mit 5 Sounds und Fühlelementen für Kinder ab 6 Monaten","12.99","12",,"3. September 2015","4.7","7454","Amazon Bestseller-Rang: Nr. 94 in Bücher (Siehe Top 100 in Bücher) Nr. 1 in Geburten Allgemeines (Bücher) Nr. 3 in Grundbegriffe für Kinder Nr. 5 in Beschäftigungsbücher für Kinder Kundenrezensionen: 4,7 4,7 von 5 Sternen (7.454) Seitenanfang über dieses Produkt Ähnlich Von der Marke Rezensionen Hör","https://www.amazon.de/dp/3845811889","2026-08-24T21:44:35.715Z",""
"C2","3845820365","Mein großes Buch der Tiergeräusche: Mit 50 Sounds | Hochwertiges Soundbuch mit realistischen Tierstimmen für Kinder ab 2 Jahren (Mein großes Geräuschebuch)","18","16",,"6. März 2017","4.3","9702","Amazon Bestseller-Rang: Nr. 290 in Bücher (Siehe Top 100 in Bücher) Nr. 1 in Blumen & Pflanzen für Kinder Nr. 7 in Kinderbücher über Tiere Nr. 21 in Science Fiction & Fantasy für Kinder (Bücher) Kundenrezensionen: 4,3 4,3 von 5 Sternen (9.702) Seitenanfang über dieses Produkt Ähnlich Von der Marke R","https://www.amazon.de/dp/3845820365","2026-08-24T21:44:44.968Z",""
"C2","3845859032","Such mal, hör mal! Bei den Tieren: Mit 25 Geräuschen | Soundbuch mit Tieren zum Suchen im Wimmelbild mit dazugehörigen Sounds für Kinder ab 18 Monaten","14.99","12",,"30. August 2024","4.6","167","Amazon Bestseller-Rang: Nr. 514 in Bücher (Siehe Top 100 in Bücher) Nr. 3 in Geburten Allgemeines (Bücher) Nr. 5 in Kinderbücher über den Körper Nr. 6 in Kinderbücher über Sinne Kundenrezensionen: 4,6 4,6 von 5 Sternen (167) Seitenanfang über dieses Produkt Ähnlich Von der Marke Rezensionen Such mal","https://www.amazon.de/dp/3845859032","2026-08-24T21:44:54.058Z",""
"C2","B0DK9MLXQJ","Mein weihnachtliches Beschäftigungsbuch: Rätseln, Basteln, Ausmalen und Geschichten für Kinder (3-6 Jahre): 78 Seiten","11.1","79",,"15. Oktober 2024","4.8","10","Amazon Bestseller-Rang: Nr. 135.152 in Bücher (Siehe Top 100 in Bücher) Nr. 176 in Labyrinthe für Kinder Nr. 1.066 in Advent & Weihnachten Geschenkbücher Nr. 1.522 in Malbücher für Kinder Kundenrezensionen: 4,8 4,8 von 5 Sternen (10) Informationen zum Autor Folge Autoren, um Neuigkeiten zu Veröffent","https://www.amazon.de/dp/B0DK9MLXQJ","2026-08-24T21:45:01.947Z",""
"C2","B0G2LCDQFQ","Weihnachtszauber Malbuch für Kinder: 72 Winter- & Weihnachtsmotive mit 9 Toon-Charakteren – Ausmalbuch ab 4 Jahren | Wintermagie: Ski-Sophie, Benny ... und süße Deko-Ideen zum Ausmalen.","13.09","166",,"16. November 2025","5","2","Amazon Bestseller-Rang: Nr. 1.732.611 in Bücher (Siehe Top 100 in Bücher) Nr. 5.197 in Kinderbücher über Malerei Nr. 10.742 in Advent & Weihnachten Geschenkbücher Nr. 15.324 in Malbücher für Kinder Kundenrezensionen: 5,0 5,0 von 5 Sternen (2) Produktvideos -0:00 WSS KundenbewertungBezaubernder Weihn","https://www.amazon.de/dp/B0G2LCDQFQ","2026-08-24T21:45:10.080Z",""
"C2","348024095X","Fröhliche Weihnachten: Kleines Wimmelbuch für Kinder ab 2 Jahren","3.99","16",,"6. Oktober 2025","4.5","132","Amazon Bestseller-Rang: Nr. 29.681 in Bücher (Siehe Top 100 in Bücher) Nr. 239 in Wimmelbücher für Kinder Nr. 2.293 in Grundbegriffe für Kinder Nr. 5.645 in Belletristik für Kinder Kundenrezensionen: 4,5 4,5 von 5 Sternen (132) Informationen zum Autor Folge Autoren, um Neuigkeiten zu Veröffentlichun","https://www.amazon.de/dp/348024095X","2026-08-24T21:45:18.616Z",""
"C2","3480240968","Mein Weihnachts-Wimmelbuch: Mini-Ausgabe","3.99","16",,"6. Oktober 2025","4.6","52","Amazon Bestseller-Rang: Nr. 21.198 in Bücher (Siehe Top 100 in Bücher) Nr. 82 in Weihnachten für Kinder Nr. 208 in Wimmelbücher für Kinder Nr. 4.982 in Belletristik für Kinder Kundenrezensionen: 4,6 4,6 von 5 Sternen (52) Informationen zum Autor Folge Autoren, um Neuigkeiten zu Veröffentlichungen un","https://www.amazon.de/dp/3480240968","2026-08-24T21:45:27.091Z",""
"C4","B0HDQL8QRY","Fabian & Mauzi: Das Geheimnis der Regenbogeninsel","9.62","63",,"10. August 2026","5","1","Amazon Bestseller-Rang: Nr. 540.573 in Bücher (Siehe Top 100 in Bücher) Nr. 1.198 in Interaktive Abenteuer für Kinder Nr. 1.539 in Fantasy-Belletristik für Kinder über Magie (Bücher) Nr. 4.914 in Malbücher für Kinder Kundenrezensionen: 5,0 5,0 von 5 Sternen (1) Seitenanfang über dieses Produkt Vom A","https://www.amazon.de/dp/B0HDQL8QRY","2026-08-24T21:46:01.465Z",""
"C4","B0HDLPGWXN","Prinzessin Cyrine und Luna: Das Geheimnis des Mondlichts","9.99","61",,"21. Juli 2026","5","1","Amazon Bestseller-Rang: Nr. 632.403 in Bücher (Siehe Top 100 in Bücher) Nr. 280 in Multikulturelle Geschichten & Fabeln für Kinder Nr. 2.844 in Geschichten über Drachen, Einhörner & Fabelwesen für Kinder Nr. 5.709 in Malbücher für Kinder Kundenrezensionen: 5,0 5,0 von 5 Sternen (1) Seitenanfang über","https://www.amazon.de/dp/B0HDLPGWXN","2026-08-24T21:46:09.519Z",""
"C4","B0H1VKL7BC","Fabian & Mauzi: Der Kristallplanet","9.62","59",,"14. Mai 2026","5","2","Amazon Bestseller-Rang: Nr. 643.527 in Bücher (Siehe Top 100 in Bücher) Nr. 1.380 in Interaktive Abenteuer für Kinder Nr. 2.878 in Geschichten über Drachen, Einhörner & Fabelwesen für Kinder Nr. 5.821 in Malbücher für Kinder Kundenrezensionen: 5,0 5,0 von 5 Sternen (2) Informationen zum Autor Folge ","https://www.amazon.de/dp/B0H1VKL7BC","2026-08-24T21:46:17.755Z",""
"C4","B0H1HPRNPD","Prinzessin Cyrine & ihr bester Freund Luna : Das Malbuch: Ein zauberhaftes Abenteuer zum Erzählen und Ausmalen für Mädchen ab 4 Jahren","9.62","53",,"7. Mai 2026","5","3","Amazon Bestseller-Rang: Nr. 1.283.281 in Bücher (Siehe Top 100 in Bücher) Nr. 2.475 in Interaktive Abenteuer für Kinder Nr. 4.665 in Geschichten über Drachen, Einhörner & Fabelwesen für Kinder Nr. 11.304 in Malbücher für Kinder Kundenrezensionen: 5,0 5,0 von 5 Sternen (3) Informationen zum Autor Fol","https://www.amazon.de/dp/B0H1HPRNPD","2026-08-24T21:46:25.876Z",""
"C4","383390819X","Basteln & Spielen mit Petronella Apfelmus - 99 zauberhafte Ideen für Herbst und Winter: Ein abwechslungsreiches Beschäftigungsbuch für Kinder ab 6 und ihre Eltern","15","144",,"25. August 2023","4.7","25","Amazon Bestseller-Rang: Nr. 61.897 in Bücher (Siehe Top 100 in Bücher) Nr. 31 in Garten für Kinder Nr. 45 in Kinderbücher über Zaubertricks Nr. 78 in Kochen & Backen für Kinder Kundenrezensionen: 4,7 4,7 von 5 Sternen (25) Informationen zum Autor Folge Autoren, um Neuigkeiten zu Veröffentlichungen u","https://www.amazon.de/dp/383390819X","2026-08-24T21:46:34.620Z",""
"C4","B0HDCJNNXL","Das knifflige Herbst Rätselbuch für Kinder ab 10 Jahren: Bunte Rätsel für die Herbstzeit von Logikrätseln und Labyrinthen bis zu Kreativrätseln, Fehlersuche, Sudoku und mehr","14.99","72",,"7. August 2026","5","7","Amazon Bestseller-Rang: Nr. 92.521 in Bücher (Siehe Top 100 in Bücher) Nr. 18 in Kinderbücher über Feiertage & Feste auf der ganzen Welt Nr. 140 in Labyrinthe für Kinder Nr. 630 in Rätselbücher für Kinder Kundenrezensionen: 5,0 5,0 von 5 Sternen (7) Seitenanfang über dieses Produkt Ähnlich Von der M","https://www.amazon.de/dp/B0HDCJNNXL","2026-08-24T21:46:43.125Z",""
"C4","B0GXLK9SMZ","XXL Abenteuer Beschäftigungsbuch für Kinder ab 4 Jahren - Malen, Rätseln, Zuordnen, Geschichten...: Das All-in-One Buch für Unterwegs & Reisen führt ... Märchen (XXL Abenteuer Beschäftigungsbücher)","11.95","122",,"15. April 2026","4.9","14","Amazon Bestseller-Rang: Nr. 11.456 in Bücher (Siehe Top 100 in Bücher) Nr. 28 in Labyrinthe für Kinder Nr. 239 in Malbücher für Kinder Nr. 270 in Geschenkbücher für Kinder Kundenrezensionen: 4,9 4,9 von 5 Sternen (14) Seitenanfang über dieses Produkt Ähnlich Von der Marke Rezensionen XXL Abenteuer B","https://www.amazon.de/dp/B0GXLK9SMZ","2026-08-24T21:46:51.484Z",""
"C8","3881006222","Kindergartenblock ab 4 Jahre - Verbinden, vergleichen, Fehler finden: Rätselblock ab 4 Jahre, Beschäftigung für Kinder (Übungshefte & -blöcke für Kindergarten, Vorschule, Einschulung, Band 622)","8.9","64",,"8. Oktober 2024","4.8","5523","Amazon Bestseller-Rang: Nr. 139 in Bücher (Siehe Top 100 in Bücher) Nr. 1 in Kinderbücher über Gegensätze Nr. 1 in Größe & Form für Kinder Nr. 1 in Wimmelbücher für Kinder Kundenrezensionen: 4,8 4,8 von 5 Sternen (5.523) Produktvideos Sabrina Huwald KundenbewertungSuper für die Entwicklung ❤️ von He","https://www.amazon.de/dp/3881006222","2026-08-24T21:47:26.416Z",""
"C8","3881006206","Kindergartenblock ab 4 Jahre - Das kann ich schon!: Bunter Rätselblock - Sinnvolle Beschäftigung die Spaß macht (Übungshefte & -blöcke für Kindergarten, Vorschule, Einschulung, Band 620)","8.9","64",,"17. Oktober 2024","4.8","5396","Amazon Bestseller-Rang: Nr. 1.450 in Bücher (Siehe Top 100 in Bücher) Nr. 6 in Kinderbücher über Gegensätze Nr. 10 in Farben für Kinder (Bücher) Nr. 11 in Größe & Form für Kinder Kundenrezensionen: 4,8 4,8 von 5 Sternen (5.396) Produktvideos Hauschka Verlag GmbH Sinnvolle Beschäftigung - Spaß für zu","https://www.amazon.de/dp/3881006206","2026-08-24T21:47:35.258Z",""
"C8","3881006095","Kindergartenblock ab 4 Jahre - Kombinieren, rätseln, Fehler finden: Bunter Rätselblock ab 4 Jahre, Beschäftigung für Kinder (Übungshefte & -blöcke für Kindergarten, Vorschule, Einschulung, Band 609)","8.9","64",,"4. Juni 2024","4.7","307","Amazon Bestseller-Rang: Nr. 1.480 in Bücher (Siehe Top 100 in Bücher) Nr. 13 in Größe & Form für Kinder Nr. 167 in Beschäftigungsbücher für Kinder Nr. 435 in Bildung & Nachschlagewerke für Kinder Kundenrezensionen: 4,7 4,7 von 5 Sternen (307) Produktvideos Hauschka Verlag GmbH Sinnvolle Beschäftigun","https://www.amazon.de/dp/3881006095","2026-08-24T21:47:44.078Z",""
"C8","B0GYJJ2KDV","Beschäftigung Kinder Urlaub: Sammelspaß Edition Meer: Urlaubstagebuch & Mitmachbuch 4-10 Jahre mit 22 Sammelaufgaben, Ausmalbildern, Bingo-Spielen für Strandurlaub & Autofahrt (Sammelspaß für Kinder)","12.3","77",,"23. April 2026","5","2","Amazon Bestseller-Rang: Nr. 46.971 in Bücher (Siehe Top 100 in Bücher) Nr. 191 in Interaktive Abenteuer für Kinder Nr. 399 in Rätselbücher für Kinder Nr. 730 in Malbücher für Kinder Kundenrezensionen: 5,0 5,0 von 5 Sternen (2) Seitenanfang über dieses Produkt Ähnlich Vom Autor Rezensionen Beschäftig","https://www.amazon.de/dp/B0GYJJ2KDV","2026-08-24T21:47:52.325Z",""
"C8","3831047332","1000 Stunden draußen: Kreative Beschäftigungen im Freien für die ganze Familie. Spielideen, Bastelanleitungen und Mikroabenteuer für jede Jahreszeit","19.95","288",,"2. Oktober 2023","4.7","6","Amazon Bestseller-Rang: Nr. 335.359 in Bücher (Siehe Top 100 in Bücher) Nr. 359 in Bäume & Wälder für Kinder Nr. 1.072 in Natur & Pflanzen Geschenkbücher Nr. 1.691 in Beziehungen (Bücher) Kundenrezensionen: 4,7 4,7 von 5 Sternen (6) Über die Autoren Folge Autoren, um Neuigkeiten zu Veröffentlichunge","https://www.amazon.de/dp/3831047332","2026-08-24T21:48:01.123Z",""
"C8","B0H65839BS","Kinder gegen Erwachsene – Das ultimative Duell-Buch: Wer wird Champion? 28 aufregende 1 gegen 1 Duelle für den Urlaub, Reisen, Regentage oder Familienfeste – Für Kinder ab 8 Jahren","15.95","136",,"16. Juni 2026","4.7","21","Amazon Bestseller-Rang: Nr. 43.692 in Bücher (Siehe Top 100 in Bücher) Nr. 5 in Reisen nach Kenia Nr. 180 in Reisen mit Kindern (Bücher) Nr. 629 in Denksport & Gedächtnisspiele Kundenrezensionen: 4,7 4,7 von 5 Sternen (21) Seitenanfang über dieses Produkt Ähnlich Von der Marke Rezensionen Kinder geg","https://www.amazon.de/dp/B0H65839BS","2026-08-24T21:48:09.477Z",""
"C8","B0HC7G4W7X","Nie wieder Langeweile! - Das bunte Mitmachbuch ab 8 Jahren: Mit kniffligen Rätseln, kreativen Aufgaben, spannenden Fun Facts u.v.m. für Kinder von ... Flüge, Restaurants oder zu Hause.","12.99","80",,"30. Juli 2026","5","4","Amazon Bestseller-Rang: Nr. 64.490 in Bücher (Siehe Top 100 in Bücher) Nr. 107 in Labyrinthe für Kinder Nr. 500 in Rätselbücher für Kinder Nr. 893 in Malbücher für Kinder Kundenrezensionen: 5,0 5,0 von 5 Sternen (4) Seitenanfang über dieses Produkt Ähnlich Von der Marke Rezensionen Nie wieder Langew","https://www.amazon.de/dp/B0HC7G4W7X","2026-08-24T21:48:17.662Z",""
"C7","3473329533","Wieso? Weshalb? Warum? junior, Band 64 - Komm mit zum Zahnarzt (Sachbuch ab 2 Jahre - mit Klappen) (junior, 64)","11.99","16",,"4. Juli 2019","4.8","875","Amazon Bestseller-Rang: Nr. 7.672 in Spielzeug (Siehe Top 100 in Spielzeug) Nr. 21 in Lernkarteikarten Nr. 946 in Schulbedarf Kundenrezensionen: 4,8 4,8 von 5 Sternen (875) Produktleitfäden und Dokumente Konformitätsbescheinigung (PDF) Produktvideos Kinderbuchkiste KundenbewertungEin Besuch beim Zah","https://www.amazon.de/dp/3473329533","2026-08-24T21:48:52.681Z",""
"C7","3910734790","Zwischen Zahnfee und Widerworten: Die Wackelzahnpubertät bei Kindern von 6–8 Jahren verstehen und gelassen begleiten – für weniger Streit, mehr Vertrauen und eine starke Eltern-Kind-Bindung","22.9","124",,"29. Juni 2026","5","11","Amazon Bestseller-Rang: Nr. 61.437 in Bücher (Siehe Top 100 in Bücher) Nr. 7 in Reisen nach Kenia Nr. 51 in Pubertät aus Elternsicht Nr. 146 in Eltern-Kind-Beziehung Kundenrezensionen: 5,0 5,0 von 5 Sternen (11) Informationen zum Autor Folge Autoren, um Neuigkeiten zu Veröffentlichungen und verbesse","https://www.amazon.de/dp/3910734790","2026-08-24T21:49:01.094Z",""
"C7","B0DPDR58S6","Bereit für meinen Zahnarztbesuch: Ein Buch über den Zahnarztbesuch für Kinder","14.97","39",,"1. Dezember 2024",,,"Amazon Bestseller-Rang: Nr. 259.025 in Bücher (Siehe Top 100 in Bücher) Nr. 34 in Kinderbücher über körperliche Behinderungen Nr. 88 in Literatur über Krankheiten & körperliche Erkrankungen für Kinder Nr. 100 in Zähne & Zahnpflege (Bücher) Informationen zum Autor Folge Autoren, um Neuigkeiten zu Ver","https://www.amazon.de/dp/B0DPDR58S6","2026-08-24T21:49:09.506Z","bewertung rezensionen"
"C7","3551087008","LESEMAUS 56: Conni geht zur Zahnärztin (56): Mit GRATIS Mitmach-Zeitschrift","3.99","24",,"31. August 2017","4.8","580","Amazon Bestseller-Rang: Nr. 2.900 in Bücher (Siehe Top 100 in Bücher) Nr. 17 in Kinderbücher über den Arztbesuch Nr. 31 in Gesundheits- & Medikamentenratgeber Nr. 44 in Kinderbücher über neue Erfahrungen Kundenrezensionen: 4,8 4,8 von 5 Sternen (580) Über die Autoren Folge Autoren, um Neuigkeiten zu","https://www.amazon.de/dp/3551087008","2026-08-24T21:49:18.292Z",""
"C7","398538200X","Mein Besuch beim Zahnarzt: Eine Mutmachgeschichte für Kinder über Zähne, Zahnputzen und den ersten Zahnarztbesuch (Meine Mutmachgeschichte: Arztbesuch, Krankheit & Körper, Band 1)","12.01","25",,"1. Juni 2026","5","6",,"https://www.amazon.de/dp/398538200X","2026-08-24T21:49:26.725Z","bsr"
"C7","383104757X","Aufgeklappt und viel entdeckt! Beim Zahnarzt: Erstes Kindersachbuch über Zähne, Zähneputzen und den Besuch beim Zahnarzt. Ein Pappbilderbuch mit 50 Klappen. Für Kinder ab 3 Jahren","14.95","14",,"31. Juli 2023","4.8","11","Amazon Bestseller-Rang: Nr. 244.102 in Bücher (Siehe Top 100 in Bücher) Nr. 443 in Berufe für Kinder Nr. 555 in Unser Körper für Kinder Nr. 583 in Kinderbücher über den Arztbesuch Kundenrezensionen: 4,8 4,8 von 5 Sternen (11) Informationen zum Autor Folge Autoren, um Neuigkeiten zu Veröffentlichunge","https://www.amazon.de/dp/383104757X","2026-08-24T21:49:35.545Z",""
"C7","375760220X","Zähne putzen mit Börle: Das magische Zahnputzbuch zum Mitmachen mit den schönsten Zahnputzgeschichten für Kinder, um das richtige Zähneputzen ... inkl. gratis Audio-Dateien (Börles Abenteuer)","15.9","74",,"17. Oktober 2024","4.7","36","Amazon Bestseller-Rang: Nr. 549.577 in Bücher (Siehe Top 100 in Bücher) Nr. 66 in Kinderbücher über persönliche Hygiene Nr. 262 in Ernährung für Kleinkinder (Bücher) Nr. 802 in Literatur über das tägliche Leben von Kindern Kundenrezensionen: 4,7 4,7 von 5 Sternen (36) Seitenanfang über dieses Produk","https://www.amazon.de/dp/375760220X","2026-08-24T21:49:44.402Z",""